"경제활동별(1)","시점","시도별(1)",실질
"지역내총생산(시장가격)","1985","서울특별시",77310769
"지역내총생산(시장가격)","1985","부산광역시",21773910
"지역내총생산(시장가격)","1985","대구광역시",13889560
"지역내총생산(시장가격)","1985","인천광역시",13731212
"지역내총생산(시장가격)","1985","경기도",35376012
"지역내총생산(시장가격)","1985","강원도",13811635
"지역내총생산(시장가격)","1985","충청북도",9306817
"지역내총생산(시장가격)","1985","충청남도",18357268
"지역내총생산(시장가격)","1985","전라북도",12210367
"지역내총생산(시장가격)","1985","전라남도",22969944
"지역내총생산(시장가격)","1985","경상북도",16624884
"지역내총생산(시장가격)","1985","경상남도",24375901
"지역내총생산(시장가격)","1985","제주특별자치도",3135822
"지역내총생산(시장가격)","1986","서울특별시",85661549
"지역내총생산(시장가격)","1986","부산광역시",23751051
"지역내총생산(시장가격)","1986","대구광역시",15391591
"지역내총생산(시장가격)","1986","인천광역시",15072642
"지역내총생산(시장가격)","1986","경기도",41139886
"지역내총생산(시장가격)","1986","강원도",14954820
"지역내총생산(시장가격)","1986","충청북도",9498358
"지역내총생산(시장가격)","1986","충청남도",20401171
"지역내총생산(시장가격)","1986","전라북도",13208204
"지역내총생산(시장가격)","1986","전라남도",24558114
"지역내총생산(시장가격)","1986","경상북도",19196053
"지역내총생산(시장가격)","1986","경상남도",26803117
"지역내총생산(시장가격)","1986","제주특별자치도",3246888
"지역내총생산(시장가격)","1987","서울특별시",97480930
"지역내총생산(시장가격)","1987","부산광역시",26214172
"지역내총생산(시장가격)","1987","대구광역시",17380068
"지역내총생산(시장가격)","1987","인천광역시",17114977
"지역내총생산(시장가격)","1987","광주광역시",7421376
"지역내총생산(시장가격)","1987","경기도",48500639
"지역내총생산(시장가격)","1987","강원도",16025537
"지역내총생산(시장가격)","1987","충청북도",10025030
"지역내총생산(시장가격)","1987","충청남도",21765224
"지역내총생산(시장가격)","1987","전라북도",13745742
"지역내총생산(시장가격)","1987","전라남도",20682782
"지역내총생산(시장가격)","1987","경상북도",21448162
"지역내총생산(시장가격)","1987","경상남도",29672028
"지역내총생산(시장가격)","1987","제주특별자치도",3665368
"지역내총생산(시장가격)","1988","서울특별시",107819304
"지역내총생산(시장가격)","1988","부산광역시",28703583
"지역내총생산(시장가격)","1988","대구광역시",18711134
"지역내총생산(시장가격)","1988","인천광역시",19699166
"지역내총생산(시장가격)","1988","광주광역시",8961220
"지역내총생산(시장가격)","1988","경기도",55559190
"지역내총생산(시장가격)","1988","강원도",16714920
"지역내총생산(시장가격)","1988","충청북도",11167116
"지역내총생산(시장가격)","1988","충청남도",24439952
"지역내총생산(시장가격)","1988","전라북도",15630632
"지역내총생산(시장가격)","1988","전라남도",23476717
"지역내총생산(시장가격)","1988","경상북도",24585565
"지역내총생산(시장가격)","1988","경상남도",33557592
"지역내총생산(시장가격)","1988","제주특별자치도",4011296
"지역내총생산(시장가격)","1989","서울특별시",116050168
"지역내총생산(시장가격)","1989","부산광역시",29096468
"지역내총생산(시장가격)","1989","대구광역시",19496616
"지역내총생산(시장가격)","1989","인천광역시",21144940
"지역내총생산(시장가격)","1989","광주광역시",9605593
"지역내총생산(시장가격)","1989","대전광역시",11575493
"지역내총생산(시장가격)","1989","경기도",61089225
"지역내총생산(시장가격)","1989","강원도",17524914
"지역내총생산(시장가격)","1989","충청북도",12347515
"지역내총생산(시장가격)","1989","충청남도",17899810
"지역내총생산(시장가격)","1989","전라북도",15630946
"지역내총생산(시장가격)","1989","전라남도",24028343
"지역내총생산(시장가격)","1989","경상북도",24720005
"지역내총생산(시장가격)","1989","경상남도",35595998
"지역내총생산(시장가격)","1989","제주특별자치도",4888045
"지역내총생산(시장가격)","1990","서울특별시",128022269
"지역내총생산(시장가격)","1990","부산광역시",33374783
"지역내총생산(시장가격)","1990","대구광역시",22141545
"지역내총생산(시장가격)","1990","인천광역시",24487160
"지역내총생산(시장가격)","1990","광주광역시",10909096
"지역내총생산(시장가격)","1990","대전광역시",13258651
"지역내총생산(시장가격)","1990","경기도",69166891
"지역내총생산(시장가격)","1990","강원도",18279299
"지역내총생산(시장가격)","1990","충청북도",13611652
"지역내총생산(시장가격)","1990","충청남도",18072575
"지역내총생산(시장가격)","1990","전라북도",16261164
"지역내총생산(시장가격)","1990","전라남도",25868226
"지역내총생산(시장가격)","1990","경상북도",25427954
"지역내총생산(시장가격)","1990","경상남도",39848523
"지역내총생산(시장가격)","1990","제주특별자치도",4953039
"지역내총생산(시장가격)","1991","서울특별시",139296966
"지역내총생산(시장가격)","1991","부산광역시",35523301
"지역내총생산(시장가격)","1991","대구광역시",22882690
"지역내총생산(시장가격)","1991","인천광역시",28916205
"지역내총생산(시장가격)","1991","광주광역시",11814152
"지역내총생산(시장가격)","1991","대전광역시",14649910
"지역내총생산(시장가격)","1991","경기도",79327361
"지역내총생산(시장가격)","1991","강원도",18323230
"지역내총생산(시장가격)","1991","충청북도",15044395
"지역내총생산(시장가격)","1991","충청남도",19319295
"지역내총생산(시장가격)","1991","전라북도",17888088
"지역내총생산(시장가격)","1991","전라남도",29137813
"지역내총생산(시장가격)","1991","경상북도",27589044
"지역내총생산(시장가격)","1991","경상남도",46278237
"지역내총생산(시장가격)","1991","제주특별자치도",5529812
"지역내총생산(시장가격)","1992","서울특별시",150753773
"지역내총생산(시장가격)","1992","부산광역시",35643092
"지역내총생산(시장가격)","1992","대구광역시",23217637
"지역내총생산(시장가격)","1992","인천광역시",29433757
"지역내총생산(시장가격)","1992","광주광역시",12274018
"지역내총생산(시장가격)","1992","대전광역시",15517530
"지역내총생산(시장가격)","1992","경기도",83213769
"지역내총생산(시장가격)","1992","강원도",18823604
"지역내총생산(시장가격)","1992","충청북도",15973733
"지역내총생산(시장가격)","1992","충청남도",21292103
"지역내총생산(시장가격)","1992","전라북도",19139603
"지역내총생산(시장가격)","1992","전라남도",31299565
"지역내총생산(시장가격)","1992","경상북도",27773441
"지역내총생산(시장가격)","1992","경상남도",50866079
"지역내총생산(시장가격)","1992","제주특별자치도",6204297
"지역내총생산(시장가격)","1993","서울특별시",162921440
"지역내총생산(시장가격)","1993","부산광역시",37478788
"지역내총생산(시장가격)","1993","대구광역시",24107789
"지역내총생산(시장가격)","1993","인천광역시",31216056
"지역내총생산(시장가격)","1993","광주광역시",13178444
"지역내총생산(시장가격)","1993","대전광역시",16669797
"지역내총생산(시장가격)","1993","경기도",91248247
"지역내총생산(시장가격)","1993","강원도",19358364
"지역내총생산(시장가격)","1993","충청북도",17719733
"지역내총생산(시장가격)","1993","충청남도",23479111
"지역내총생산(시장가격)","1993","전라북도",20275704
"지역내총생산(시장가격)","1993","전라남도",32878511
"지역내총생산(시장가격)","1993","경상북도",28681426
"지역내총생산(시장가격)","1993","경상남도",53008094
"지역내총생산(시장가격)","1993","제주특별자치도",6286562
"지역내총생산(시장가격)","1994","서울특별시",173338951
"지역내총생산(시장가격)","1994","부산광역시",39996488
"지역내총생산(시장가격)","1994","대구광역시",26208027
"지역내총생산(시장가격)","1994","인천광역시",33147157
"지역내총생산(시장가격)","1994","광주광역시",14575241
"지역내총생산(시장가격)","1994","대전광역시",17140681
"지역내총생산(시장가격)","1994","경기도",100442143
"지역내총생산(시장가격)","1994","강원도",20722664
"지역내총생산(시장가격)","1994","충청북도",19784995
"지역내총생산(시장가격)","1994","충청남도",26534043
"지역내총생산(시장가격)","1994","전라북도",21899213
"지역내총생산(시장가격)","1994","전라남도",35789612
"지역내총생산(시장가격)","1994","경상북도",32763852
"지역내총생산(시장가격)","1994","경상남도",60723218
"지역내총생산(시장가격)","1994","제주특별자치도",6611720
"지역내총생산(시장가격)","1995","서울특별시",185098581
"지역내총생산(시장가격)","1995","부산광역시",43749924
"지역내총생산(시장가격)","1995","대구광역시",28303019
"지역내총생산(시장가격)","1995","인천광역시",38546919
"지역내총생산(시장가격)","1995","광주광역시",16417691
"지역내총생산(시장가격)","1995","대전광역시",18350280
"지역내총생산(시장가격)","1995","경기도",112681418
"지역내총생산(시장가격)","1995","강원도",22896326
"지역내총생산(시장가격)","1995","충청북도",22086859
"지역내총생산(시장가격)","1995","충청남도",28831852
"지역내총생산(시장가격)","1995","전라북도",25085280
"지역내총생산(시장가격)","1995","전라남도",39492280
"지역내총생산(시장가격)","1995","경상북도",35531357
"지역내총생산(시장가격)","1995","경상남도",68113992
"지역내총생산(시장가격)","1995","제주특별자치도",7450774
"지역내총생산(시장가격)","1996","서울특별시",195791851
"지역내총생산(시장가격)","1996","부산광역시",46044004
"지역내총생산(시장가격)","1996","대구광역시",30238666
"지역내총생산(시장가격)","1996","인천광역시",40762864
"지역내총생산(시장가격)","1996","광주광역시",17978636
"지역내총생산(시장가격)","1996","대전광역시",19742504
"지역내총생산(시장가격)","1996","경기도",121352335
"지역내총생산(시장가격)","1996","강원도",24901426
"지역내총생산(시장가격)","1996","충청북도",24310971
"지역내총생산(시장가격)","1996","충청남도",32476312
"지역내총생산(시장가격)","1996","전라북도",27201090
"지역내총생산(시장가격)","1996","전라남도",42154621
"지역내총생산(시장가격)","1996","경상북도",38775525
"지역내총생산(시장가격)","1996","경상남도",72412697
"지역내총생산(시장가격)","1996","제주특별자치도",7641803
"지역내총생산(시장가격)","1997","서울특별시",204816198
"지역내총생산(시장가격)","1997","부산광역시",47291520
"지역내총생산(시장가격)","1997","대구광역시",31886745
"지역내총생산(시장가격)","1997","인천광역시",43341199
"지역내총생산(시장가격)","1997","광주광역시",18559392
"지역내총생산(시장가격)","1997","대전광역시",20894508
"지역내총생산(시장가격)","1997","경기도",124658091
"지역내총생산(시장가격)","1997","강원도",26025382
"지역내총생산(시장가격)","1997","충청북도",24840759
"지역내총생산(시장가격)","1997","충청남도",36555909
"지역내총생산(시장가격)","1997","전라북도",28700006
"지역내총생산(시장가격)","1997","전라남도",46754746
"지역내총생산(시장가격)","1997","경상북도",44492072
"지역내총생산(시장가격)","1997","경상남도",79696351
"지역내총생산(시장가격)","1997","제주특별자치도",8057569
"지역내총생산(시장가격)","1998","서울특별시",195891236
"지역내총생산(시장가격)","1998","부산광역시",44426186
"지역내총생산(시장가격)","1998","대구광역시",28738612
"지역내총생산(시장가격)","1998","인천광역시",37317452
"지역내총생산(시장가격)","1998","광주광역시",16743576
"지역내총생산(시장가격)","1998","대전광역시",19922027
"지역내총생산(시장가격)","1998","울산광역시",43126637
"지역내총생산(시장가격)","1998","경기도",116843281
"지역내총생산(시장가격)","1998","강원도",24050209
"지역내총생산(시장가격)","1998","충청북도",22690502
"지역내총생산(시장가격)","1998","충청남도",34724126
"지역내총생산(시장가격)","1998","전라북도",26187025
"지역내총생산(시장가격)","1998","전라남도",44321517
"지역내총생산(시장가격)","1998","경상북도",41615486
"지역내총생산(시장가격)","1998","경상남도",47958037
"지역내총생산(시장가격)","1998","제주특별자치도",7456360
"지역내총생산(시장가격)","1999","서울특별시",213043805
"지역내총생산(시장가격)","1999","부산광역시",49763153
"지역내총생산(시장가격)","1999","대구광역시",31512976
"지역내총생산(시장가격)","1999","인천광역시",40446510
"지역내총생산(시장가격)","1999","광주광역시",18092047
"지역내총생산(시장가격)","1999","대전광역시",21139402
"지역내총생산(시장가격)","1999","울산광역시",47763922
"지역내총생산(시장가격)","1999","경기도",140742745
"지역내총생산(시장가격)","1999","강원도",25204250
"지역내총생산(시장가격)","1999","충청북도",26115197
"지역내총생산(시장가격)","1999","충청남도",40169928
"지역내총생산(시장가격)","1999","전라북도",28618114
"지역내총생산(시장가격)","1999","전라남도",45036095
"지역내총생산(시장가격)","1999","경상북도",47828898
"지역내총생산(시장가격)","1999","경상남도",53563712
"지역내총생산(시장가격)","1999","제주특별자치도",7957145
"지역내총생산(시장가격)","2000","서울특별시",234450139
"지역내총생산(시장가격)","2000","부산광역시",51705541
"지역내총생산(시장가격)","2000","대구광역시",33378959
"지역내총생산(시장가격)","2000","인천광역시",43019365
"지역내총생산(시장가격)","2000","광주광역시",19742330
"지역내총생산(시장가격)","2000","대전광역시",23066261
"지역내총생산(시장가격)","2000","울산광역시",49333661
"지역내총생산(시장가격)","2000","경기도",157417148
"지역내총생산(시장가격)","2000","강원도",26145825
"지역내총생산(시장가격)","2000","충청북도",27699659
"지역내총생산(시장가격)","2000","충청남도",44559007
"지역내총생산(시장가격)","2000","전라북도",30236753
"지역내총생산(시장가격)","2000","전라남도",47559118
"지역내총생산(시장가격)","2000","경상북도",54673687
"지역내총생산(시장가격)","2000","경상남도",57821766
"지역내총생산(시장가격)","2000","제주특별자치도",8587855
"지역내총생산(시장가격)","2001","서울특별시",244418894
"지역내총생산(시장가격)","2001","부산광역시",55382619
"지역내총생산(시장가격)","2001","대구광역시",34134803
"지역내총생산(시장가격)","2001","인천광역시",46255108
"지역내총생산(시장가격)","2001","광주광역시",20828849
"지역내총생산(시장가격)","2001","대전광역시",23813574
"지역내총생산(시장가격)","2001","울산광역시",50423452
"지역내총생산(시장가격)","2001","경기도",171443115
"지역내총생산(시장가격)","2001","강원도",26668912
"지역내총생산(시장가격)","2001","충청북도",28294054
"지역내총생산(시장가격)","2001","충청남도",46432861
"지역내총생산(시장가격)","2001","전라북도",31465262
"지역내총생산(시장가격)","2001","전라남도",49464042
"지역내총생산(시장가격)","2001","경상북도",56490106
"지역내총생산(시장가격)","2001","경상남도",61928632
"지역내총생산(시장가격)","2001","제주특별자치도",9200210
"지역내총생산(시장가격)","2002","서울특별시",261328220
"지역내총생산(시장가격)","2002","부산광역시",57866997
"지역내총생산(시장가격)","2002","대구광역시",35743105
"지역내총생산(시장가격)","2002","인천광역시",50972798
"지역내총생산(시장가격)","2002","광주광역시",22420270
"지역내총생산(시장가격)","2002","대전광역시",25497366
"지역내총생산(시장가격)","2002","울산광역시",55068266
"지역내총생산(시장가격)","2002","경기도",186126487
"지역내총생산(시장가격)","2002","강원도",27377155
"지역내총생산(시장가격)","2002","충청북도",29656804
"지역내총생산(시장가격)","2002","충청남도",50205811
"지역내총생산(시장가격)","2002","전라북도",32419090
"지역내총생산(시장가격)","2002","전라남도",52071978
"지역내총생산(시장가격)","2002","경상북도",60328507
"지역내총생산(시장가격)","2002","경상남도",66357305
"지역내총생산(시장가격)","2002","제주특별자치도",9693184
"지역내총생산(시장가격)","2003","서울특별시",266033918
"지역내총생산(시장가격)","2003","부산광역시",59924431
"지역내총생산(시장가격)","2003","대구광역시",36396595
"지역내총생산(시장가격)","2003","인천광역시",52157498
"지역내총생산(시장가격)","2003","광주광역시",22585186
"지역내총생산(시장가격)","2003","대전광역시",26757005
"지역내총생산(시장가격)","2003","울산광역시",54100049
"지역내총생산(시장가격)","2003","경기도",196745165
"지역내총생산(시장가격)","2003","강원도",28861908
"지역내총생산(시장가격)","2003","충청북도",30693993
"지역내총생산(시장가격)","2003","충청남도",55468963
"지역내총생산(시장가격)","2003","전라북도",32768805
"지역내총생산(시장가격)","2003","전라남도",52730314
"지역내총생산(시장가격)","2003","경상북도",65372870
"지역내총생산(시장가격)","2003","경상남도",68827444
"지역내총생산(시장가격)","2003","제주특별자치도",9960579
"지역내총생산(시장가격)","2004","서울특별시",269197325
"지역내총생산(시장가격)","2004","부산광역시",61227100
"지역내총생산(시장가격)","2004","대구광역시",38364894
"지역내총생산(시장가격)","2004","인천광역시",54987798
"지역내총생산(시장가격)","2004","광주광역시",23198230
"지역내총생산(시장가격)","2004","대전광역시",27540951
"지역내총생산(시장가격)","2004","울산광역시",59706880
"지역내총생산(시장가격)","2004","경기도",208742156
"지역내총생산(시장가격)","2004","강원도",29386767
"지역내총생산(시장가격)","2004","충청북도",33573276
"지역내총생산(시장가격)","2004","충청남도",60583607
"지역내총생산(시장가격)","2004","전라북도",33844818
"지역내총생산(시장가격)","2004","전라남도",55586311
"지역내총생산(시장가격)","2004","경상북도",69948144
"지역내총생산(시장가격)","2004","경상남도",71667409
"지역내총생산(시장가격)","2004","제주특별자치도",10579746
"지역내총생산(시장가격)","2005","서울특별시",280676032
"지역내총생산(시장가격)","2005","부산광역시",63032743
"지역내총생산(시장가격)","2005","대구광역시",39039831
"지역내총생산(시장가격)","2005","인천광역시",56922112
"지역내총생산(시장가격)","2005","광주광역시",24953345
"지역내총생산(시장가격)","2005","대전광역시",28061744
"지역내총생산(시장가격)","2005","울산광역시",61626834
"지역내총생산(시장가격)","2005","경기도",222816035
"지역내총생산(시장가격)","2005","강원도",29695748
"지역내총생산(시장가격)","2005","충청북도",33307920
"지역내총생산(시장가격)","2005","충청남도",66603884
"지역내총생산(시장가격)","2005","전라북도",34414457
"지역내총생산(시장가격)","2005","전라남도",56104942
"지역내총생산(시장가격)","2005","경상북도",74596282
"지역내총생산(시장가격)","2005","경상남도",76018607
"지역내총생산(시장가격)","2005","제주특별자치도",10530282
"지역내총생산(시장가격)","2006","서울특별시",292392945
"지역내총생산(시장가격)","2006","부산광역시",65299325
"지역내총생산(시장가격)","2006","대구광역시",40255437
"지역내총생산(시장가격)","2006","인천광역시",59522631
"지역내총생산(시장가격)","2006","광주광역시",26193910
"지역내총생산(시장가격)","2006","대전광역시",29074607
"지역내총생산(시장가격)","2006","울산광역시",62869561
"지역내총생산(시장가격)","2006","경기도",242756988
"지역내총생산(시장가격)","2006","강원도",31550828
"지역내총생산(시장가격)","2006","충청북도",36176510
"지역내총생산(시장가격)","2006","충청남도",72238019
"지역내총생산(시장가격)","2006","전라북도",36053645
"지역내총생산(시장가격)","2006","전라남도",57944653
"지역내총생산(시장가격)","2006","경상북도",77440727
"지역내총생산(시장가격)","2006","경상남도",80266127
"지역내총생산(시장가격)","2006","제주특별자치도",10740812
"지역내총생산(시장가격)","2007","서울특별시",309525926
"지역내총생산(시장가격)","2007","부산광역시",68944140
"지역내총생산(시장가격)","2007","대구광역시",42074727
"지역내총생산(시장가격)","2007","인천광역시",64675503
"지역내총생산(시장가격)","2007","광주광역시",27392264
"지역내총생산(시장가격)","2007","대전광역시",29906786
"지역내총생산(시장가격)","2007","울산광역시",65950587
"지역내총생산(시장가격)","2007","경기도",255550481
"지역내총생산(시장가격)","2007","강원도",32853097
"지역내총생산(시장가격)","2007","충청북도",38575637
"지역내총생산(시장가격)","2007","충청남도",76413497
"지역내총생산(시장가격)","2007","전라북도",37890302
"지역내총생산(시장가격)","2007","전라남도",61058914
"지역내총생산(시장가격)","2007","경상북도",83621419
"지역내총생산(시장가격)","2007","경상남도",85284496
"지역내총생산(시장가격)","2007","제주특별자치도",11335159
"지역내총생산(시장가격)","2008","서울특별시",317128072
"지역내총생산(시장가격)","2008","부산광역시",70785024
"지역내총생산(시장가격)","2008","대구광역시",42614503
"지역내총생산(시장가격)","2008","인천광역시",64033773
"지역내총생산(시장가격)","2008","광주광역시",27791206
"지역내총생산(시장가격)","2008","대전광역시",30273625
"지역내총생산(시장가격)","2008","울산광역시",64401338
"지역내총생산(시장가격)","2008","경기도",268221081
"지역내총생산(시장가격)","2008","강원도",33674653
"지역내총생산(시장가격)","2008","충청북도",37908674
"지역내총생산(시장가격)","2008","충청남도",80523469
"지역내총생산(시장가격)","2008","전라북도",39294329
"지역내총생산(시장가격)","2008","전라남도",61841218
"지역내총생산(시장가격)","2008","경상북도",86102708
"지역내총생산(시장가격)","2008","경상남도",89539592
"지역내총생산(시장가격)","2008","제주특별자치도",11450325
"지역내총생산(시장가격)","2009","서울특별시",321873162
"지역내총생산(시장가격)","2009","부산광역시",68336815
"지역내총생산(시장가격)","2009","대구광역시",41429265
"지역내총생산(시장가격)","2009","인천광역시",63153061
"지역내총생산(시장가격)","2009","광주광역시",27180608
"지역내총생산(시장가격)","2009","대전광역시",31068315
"지역내총생산(시장가격)","2009","울산광역시",63392764
"지역내총생산(시장가격)","2009","경기도",273835863
"지역내총생산(시장가격)","2009","강원도",33976932
"지역내총생산(시장가격)","2009","충청북도",40008263
"지역내총생산(시장가격)","2009","충청남도",82604137
"지역내총생산(시장가격)","2009","전라북도",39655937
"지역내총생산(시장가격)","2009","전라남도",61529089
"지역내총생산(시장가격)","2009","경상북도",85724356
"지역내총생산(시장가격)","2009","경상남도",92664822
"지역내총생산(시장가격)","2009","제주특별자치도",12158772
"지역내총생산(시장가격)","2010","서울특별시",333249300
"지역내총생산(시장가격)","2010","부산광역시",71968834
"지역내총생산(시장가격)","2010","대구광역시",44114977
"지역내총생산(시장가격)","2010","인천광역시",69301148
"지역내총생산(시장가격)","2010","광주광역시",30457831
"지역내총생산(시장가격)","2010","대전광역시",33247905
"지역내총생산(시장가격)","2010","울산광역시",66254235
"지역내총생산(시장가격)","2010","경기도",300716256
"지역내총생산(시장가격)","2010","강원도",35452559
"지역내총생산(시장가격)","2010","충청북도",43503412
"지역내총생산(시장가격)","2010","충청남도",92056862
"지역내총생산(시장가격)","2010","전라북도",41674930
"지역내총생산(시장가격)","2010","전라남도",67644440
"지역내총생산(시장가격)","2010","경상북도",92044050
"지역내총생산(시장가격)","2010","경상남도",98297235
"지역내총생산(시장가격)","2010","제주특별자치도",12380394
"지역내총생산(시장가격)","2011","서울특별시",343756313
"지역내총생산(시장가격)","2011","부산광역시",73792908
"지역내총생산(시장가격)","2011","대구광역시",45657599
"지역내총생산(시장가격)","2011","인천광역시",70536942
"지역내총생산(시장가격)","2011","광주광역시",31011787
"지역내총생산(시장가격)","2011","대전광역시",34446444
"지역내총생산(시장가격)","2011","울산광역시",71517190
"지역내총생산(시장가격)","2011","경기도",313748238
"지역내총생산(시장가격)","2011","강원도",36296644
"지역내총생산(시장가격)","2011","충청북도",46066868
"지역내총생산(시장가격)","2011","충청남도",98515870
"지역내총생산(시장가격)","2011","전라북도",43285951
"지역내총생산(시장가격)","2011","전라남도",66697766
"지역내총생산(시장가격)","2011","경상북도",94466406
"지역내총생산(시장가격)","2011","경상남도",101258402
"지역내총생산(시장가격)","2011","제주특별자치도",13231976
"지역내총생산(시장가격)","2012","서울특별시",348568408
"지역내총생산(시장가격)","2012","부산광역시",75742868
"지역내총생산(시장가격)","2012","대구광역시",47367831
"지역내총생산(시장가격)","2012","인천광역시",73129842
"지역내총생산(시장가격)","2012","광주광역시",31650181
"지역내총생산(시장가격)","2012","대전광역시",34977219
"지역내총생산(시장가격)","2012","울산광역시",71957705
"지역내총생산(시장가격)","2012","경기도",327820620
"지역내총생산(시장가격)","2012","강원도",37021010
"지역내총생산(시장가격)","2012","충청북도",47647389
"지역내총생산(시장가격)","2012","충청남도",99219568
"지역내총생산(시장가격)","2012","전라북도",43728235
"지역내총생산(시장가격)","2012","전라남도",67142356
"지역내총생산(시장가격)","2012","경상북도",95229383
"지역내총생산(시장가격)","2012","경상남도",103911994
"지역내총생산(시장가격)","2012","제주특별자치도",14067649
"지역내총생산(시장가격)","2013","서울특별시",354319250
"지역내총생산(시장가격)","2013","부산광역시",77000292
"지역내총생산(시장가격)","2013","대구광역시",49036361
"지역내총생산(시장가격)","2013","인천광역시",75073082
"지역내총생산(시장가격)","2013","광주광역시",32859385
"지역내총생산(시장가격)","2013","대전광역시",35375467
"지역내총생산(시장가격)","2013","울산광역시",72322408
"지역내총생산(시장가격)","2013","세종특별자치시",6883305
"지역내총생산(시장가격)","2013","경기도",346430719
"지역내총생산(시장가격)","2013","강원도",38211948
"지역내총생산(시장가격)","2013","충청북도",49519653
"지역내총생산(시장가격)","2013","충청남도",97403497
"지역내총생산(시장가격)","2013","전라북도",45637671
"지역내총생산(시장가격)","2013","전라남도",68435908
"지역내총생산(시장가격)","2013","경상북도",98842637
"지역내총생산(시장가격)","2013","경상남도",104475348
"지역내총생산(시장가격)","2013","제주특별자치도",14763437
"지역내총생산(시장가격)","2014","서울특별시",359661759
"지역내총생산(시장가격)","2014","부산광역시",80258570
"지역내총생산(시장가격)","2014","대구광역시",50329551
"지역내총생산(시장가격)","2014","인천광역시",78694187
"지역내총생산(시장가격)","2014","광주광역시",34169569
"지역내총생산(시장가격)","2014","대전광역시",36081650
"지역내총생산(시장가격)","2014","울산광역시",72408971
"지역내총생산(시장가격)","2014","세종특별자치시",8635120
"지역내총생산(시장가격)","2014","경기도",362159526
"지역내총생산(시장가격)","2014","강원도",40077987
"지역내총생산(시장가격)","2014","충청북도",51596699
"지역내총생산(시장가격)","2014","충청남도",100199403
"지역내총생산(시장가격)","2014","전라북도",46567890
"지역내총생산(시장가격)","2014","전라남도",68405097
"지역내총생산(시장가격)","2014","경상북도",105901155
"지역내총생산(시장가격)","2014","경상남도",104843574
"지역내총생산(시장가격)","2014","제주특별자치도",15785920
"지역내총생산(시장가격)","2015","서울특별시",370167867
"지역내총생산(시장가격)","2015","부산광역시",82701497
"지역내총생산(시장가격)","2015","대구광역시",51822013
"지역내총생산(시장가격)","2015","인천광역시",80137506
"지역내총생산(시장가격)","2015","광주광역시",34845589
"지역내총생산(시장가격)","2015","대전광역시",37162614
"지역내총생산(시장가격)","2015","울산광역시",72854409
"지역내총생산(시장가격)","2015","세종특별자치시",9261543
"지역내총생산(시장가격)","2015","경기도",381978306
"지역내총생산(시장가격)","2015","강원도",40867985
"지역내총생산(시장가격)","2015","충청북도",55191633
"지역내총생산(시장가격)","2015","충청남도",101299131
"지역내총생산(시장가격)","2015","전라북도",47018028
"지역내총생산(시장가격)","2015","전라남도",68878376
"지역내총생산(시장가격)","2015","경상북도",103120174
"지역내총생산(시장가격)","2015","경상남도",106590936
"지역내총생산(시장가격)","2015","제주특별자치도",16946709
"지역내총생산(시장가격)","2016","서울특별시",380679274
"지역내총생산(시장가격)","2016","부산광역시",84114530
"지역내총생산(시장가격)","2016","대구광역시",51823902
"지역내총생산(시장가격)","2016","인천광역시",82257112
"지역내총생산(시장가격)","2016","광주광역시",35933462
"지역내총생산(시장가격)","2016","대전광역시",38456557
"지역내총생산(시장가격)","2016","울산광역시",73477668
"지역내총생산(시장가격)","2016","세종특별자치시",9729904
"지역내총생산(시장가격)","2016","경기도",399827962
"지역내총생산(시장가격)","2016","강원도",42047331
"지역내총생산(시장가격)","2016","충청북도",58380533
"지역내총생산(시장가격)","2016","충청남도",104503363
"지역내총생산(시장가격)","2016","전라북도",46664550
"지역내총생산(시장가격)","2016","전라남도",70449724
"지역내총생산(시장가격)","2016","경상북도",105745496
"지역내총생산(시장가격)","2016","경상남도",107343355
"지역내총생산(시장가격)","2016","제주특별자치도",18307842
"지역내총생산(시장가격)","2017","서울특별시",389584629
"지역내총생산(시장가격)","2017","부산광역시",85441974
"지역내총생산(시장가격)","2017","대구광역시",52721214
"지역내총생산(시장가격)","2017","인천광역시",85791563
"지역내총생산(시장가격)","2017","광주광역시",36384616
"지역내총생산(시장가격)","2017","대전광역시",38772485
"지역내총생산(시장가격)","2017","울산광역시",72968962
"지역내총생산(시장가격)","2017","세종특별자치시",10140164
"지역내총생산(시장가격)","2017","경기도",426172886
"지역내총생산(시장가격)","2017","강원도",43761362
"지역내총생산(시장가격)","2017","충청북도",61953139
"지역내총생산(시장가격)","2017","충청남도",110165655
"지역내총생산(시장가격)","2017","전라북도",47553099
"지역내총생산(시장가격)","2017","전라남도",71340179
"지역내총생산(시장가격)","2017","경상북도",104429785
"지역내총생산(시장가격)","2017","경상남도",106561346
"지역내총생산(시장가격)","2017","제주특별자치도",19144657
"지역내총생산(시장가격)","2018","서울특별시",403605888
"지역내총생산(시장가격)","2018","부산광역시",86889875
"지역내총생산(시장가격)","2018","대구광역시",53964991
"지역내총생산(시장가격)","2018","인천광역시",86426825
"지역내총생산(시장가격)","2018","광주광역시",38216077
"지역내총생산(시장가격)","2018","대전광역시",39135729
"지역내총생산(시장가격)","2018","울산광역시",71344390
"지역내총생산(시장가격)","2018","세종특별자치시",10423610
"지역내총생산(시장가격)","2018","경기도",451914662
"지역내총생산(시장가격)","2018","강원도",44574334
"지역내총생산(시장가격)","2018","충청북도",65830010
"지역내총생산(시장가격)","2018","충청남도",110873163
"지역내총생산(시장가격)","2018","전라북도",48350793
"지역내총생산(시장가격)","2018","전라남도",72888289
"지역내총생산(시장가격)","2018","경상북도",103149107
"지역내총생산(시장가격)","2018","경상남도",107224316
"지역내총생산(시장가격)","2018","제주특별자치도",18968300
"지역내총생산(시장가격)","2019","서울특별시",414092568
"지역내총생산(시장가격)","2019","부산광역시",89105372
"지역내총생산(시장가격)","2019","대구광역시",54762237
"지역내총생산(시장가격)","2019","인천광역시",87963593
"지역내총생산(시장가격)","2019","광주광역시",39624032
"지역내총생산(시장가격)","2019","대전광역시",40684092
"지역내총생산(시장가격)","2019","울산광역시",72024599
"지역내총생산(시장가격)","2019","세종특별자치시",11091040
"지역내총생산(시장가격)","2019","경기도",462288338
"지역내총생산(시장가격)","2019","강원도",46064137
"지역내총생산(시장가격)","2019","충청북도",66927772
"지역내총생산(시장가격)","2019","충청남도",112310782
"지역내총생산(시장가격)","2019","전라북도",49506041
"지역내총생산(시장가격)","2019","전라남도",74618019
"지역내총생산(시장가격)","2019","경상북도",104417627
"지역내총생산(시장가격)","2019","경상남도",109370902
"지역내총생산(시장가격)","2019","제주특별자치도",19186190
"지역내총생산(시장가격)","2020","서울특별시",417638547
"지역내총생산(시장가격)","2020","부산광역시",85962709
"지역내총생산(시장가격)","2020","대구광역시",53668577
"지역내총생산(시장가격)","2020","인천광역시",84907539
"지역내총생산(시장가격)","2020","광주광역시",39530642
"지역내총생산(시장가격)","2020","대전광역시",41208249
"지역내총생산(시장가격)","2020","울산광역시",67136435
"지역내총생산(시장가격)","2020","세종특별자치시",11647981
"지역내총생산(시장가격)","2020","경기도",470022670
"지역내총생산(시장가격)","2020","강원도",44829136
"지역내총생산(시장가격)","2020","충청북도",65926194
"지역내총생산(시장가격)","2020","충청남도",112762058
"지역내총생산(시장가격)","2020","전라북도",49116252
"지역내총생산(시장가격)","2020","전라남도",74972494
"지역내총생산(시장가격)","2020","경상북도",101370158
"지역내총생산(시장가격)","2020","경상남도",103425415
"지역내총생산(시장가격)","2020","제주특별자치도",17957495
"지역내총생산(시장가격)","2021 p)","서울특별시",432406018
"지역내총생산(시장가격)","2021 p)","부산광역시",87906722
"지역내총생산(시장가격)","2021 p)","대구광역시",56026338
"지역내총생산(시장가격)","2021 p)","인천광역시",89984023
"지역내총생산(시장가격)","2021 p)","광주광역시",41118247
"지역내총생산(시장가격)","2021 p)","대전광역시",42368245
"지역내총생산(시장가격)","2021 p)","울산광역시",69621279
"지역내총생산(시장가격)","2021 p)","세종특별자치시",12489323
"지역내총생산(시장가격)","2021 p)","경기도",496672331
"지역내총생산(시장가격)","2021 p)","강원도",46476220
"지역내총생산(시장가격)","2021 p)","충청북도",70139551
"지역내총생산(시장가격)","2021 p)","충청남도",118002148
"지역내총생산(시장가격)","2021 p)","전라북도",50398818
"지역내총생산(시장가격)","2021 p)","전라남도",77027126
"지역내총생산(시장가격)","2021 p)","경상북도",104960491
"지역내총생산(시장가격)","2021 p)","경상남도",105347557
"지역내총생산(시장가격)","2021 p)","제주특별자치도",18175224
